nombre;direccion
Guy Hurst;8373 Quisque St.
Evan Andrews;P.O. Box 973, 2041 Arcu Road
Mannix Burks;868 Pellentesque. St.
Brittany Reyes;P.O. Box 630, 5949 Nunc. Road
Mira Bradshaw;Ap #659-5965 Adipiscing Road
Serena Poole;P.O. Box 728, 4265 Molestie Avenue
Lester Winters;6360 Libero. St.
Shad Joyner;Ap #819-5395 Fusce Ave
Paloma Rosario;Ap #881-3785 Pellentesque Av.
Harlan Bailey;155-4048 Pretium Road
Ashely Haney;5432 Libero Road
Holmes Watkins;P.O. Box 495, 3934 Felis St.
Delilah Ashley;131-7229 Nam Rd.
Stephanie Meyer;P.O. Box 462, 5414 Ad Ave
Signe Chandler;6339 Metus. St.
Casey Lyons;Ap #448-5909 Eget Avenue
Kiona Tate;P.O. Box 992, 4827 Ac, Ave
Kaden Ramos;474-2744 Libero. Street
Elaine Bernard;8586 Dapibus Street
Vladimir Ballard;Ap #845-1718 Morbi Road
Xandra Camacho;9570 Neque. St.
Alisa Cummings;854-8264 Congue. Road
Chloe Goodwin;Ap #362-195 Ligula Rd.
Kendall Decker;497-9256 Orci, Ave
Elvis Allison;375-4220 Dictum Rd.
Sacha Mack;Ap #989-7214 Tellus Ave
Kato Hendrix;Ap #237-8508 Tristique Road
Daria Baird;530-8836 Egestas Avenue
Duncan Mendez;Ap #102-2705 Eget Road
Alexandra Durham;618-2036 Euismod Road
Brett Velez;P.O. Box 834, 3589 Sed St.
Maya Forbes;P.O. Box 775, 4968 Arcu. Rd.
Aidan Mays;986-7201 Penatibus Ave
Alexander Chambers;488-5410 Eget Av.
Gage Mcfadden;Ap #405-3353 Nec Ave
Walker Delaney;P.O. Box 148, 8576 Est St.
Calvin Avery;Ap #800-8325 Mollis Ave
Marvin Kirkland;P.O. Box 128, 1704 Mauris, Rd.
Brennan Pierce;P.O. Box 887, 9210 Dolor. Rd.
Clark Britt;P.O. Box 381, 8596 Suscipit St.
Phillip Castaneda;8316 Nec Road
Alma Rose;Ap #335-1203 Neque Rd.
Elizabeth Fernandez;218-8802 Parturient St.
Lydia Hahn;1423 Ipsum St.
Rama Mayer;522 Ligula Avenue
Clare Kirby;Ap #396-5215 Vestibulum Ave
Damian Scott;P.O. Box 364, 5635 Nec, Avenue
Joel Robertson;Ap #764-8020 Sapien. Av.
Carl Roberts;590-3089 Curabitur Street
Hollee Osborne;Ap #360-2327 Sociis Av.
Hasad Reeves;7828 Odio Rd.
Megan Brock;478 Erat, Ave
Honorato Cooke;8846 Pharetra Av.
Wing Fry;P.O. Box 699, 2154 Proin Street
Wanda Blake;Ap #381-788 Sit St.
Ferdinand Patton;3884 Lorem, Road
Zenia Young;7804 Lobortis Avenue
Mohammad Macias;Ap #973-4601 Rhoncus. Av.
Shelly Casey;P.O. Box 886, 5506 Posuere, Street
Maggie Hull;P.O. Box 769, 8352 Velit. Avenue
Cameron Bolton;P.O. Box 205, 6429 Cum Ave
Mari Lawson;Ap #220-4506 Dolor. Rd.
Alec Harrington;P.O. Box 958, 1696 Amet, Street
Ifeoma Warren;9744 Nunc Av.
Olga Chambers;6405 Libero St.
Marny Mayer;P.O. Box 483, 4494 Egestas Ave
Hedwig Wood;208-8308 Felis St.
Eden Albert;Ap #893-6539 Malesuada Av.
Vladimir Cannon;9392 Cras Road
Alden Campos;970-659 Nulla Street
Judah Pena;Ap #842-8510 Est Ave
Devin Rutledge;P.O. Box 294, 7259 Adipiscing Avenue
Cairo Gordon;2689 Libero. Av.
Moana Case;296-3657 Enim. St.
Kiona Cook;5053 Etiam Road
Kylan Rios;P.O. Box 441, 2282 Donec Street
Kyla Lindsay;Ap #380-8554 Porttitor Ave
Aristotle Richard;Ap #146-7117 Egestas Road
Kevin Conley;646 Neque. Av.
Xenos Avila;559-1965 Proin St.
Victoria Shaffer;5473 Amet, Rd.
Giacomo Hickman;Ap #594-9647 Vitae Ave
Demetria Alford;P.O. Box 503, 525 Non Ave
Dieter Weber;2956 Nunc Ave
Brandon Mason;P.O. Box 993, 7554 Leo Avenue
Jolene Walker;P.O. Box 514, 1658 Mollis St.
Germaine Byers;2935 Nibh. St.
Diana Bradshaw;P.O. Box 951, 4359 Dui. Rd.
Jade Cunningham;758-4740 Neque St.
Eve Donovan;790-4824 Suspendisse Rd.
Giacomo Klein;616 Duis Rd.
Shannon Moody;P.O. Box 556, 2931 Dolor St.
Ian Barber;5173 Varius. St.
Rhonda Joseph;331-132 Leo. Ave
Gemma Sandoval;Ap #146-7641 Et, Rd.
Wynter Duncan;Ap #196-6907 Nulla Rd.
Drew Fulton;1618 Placerat. Street
Sara Cooley;P.O. Box 759, 774 Donec Ave
Francesca Haney;3365 Nunc St.
Tamekah Cooper;Ap #431-4596 Aliquet. Rd.
